id,canonical_id,is_active,source_provenance,_row_ix,displayAddress,city,postcode,latitude,longitude,geohash6,propertySubType,propertyTypeFullDescription,bedrooms,summary,price,displayPrice,transactionType,channel,auction,numberOfImages,numberOfFloorplans,numberOfVirtualTours,has_floorplan,has_virtual_tour,has_parking,has_balcony,has_garden,new_build,student_friendly,investment,formattedBranchName,branchName,branchLocation,firstVisibleDate,listingUpdateDate,updated_recency_band,price_band,has_media_score,region_id
87120208,018aedd5be097e8f577edf3340d0cb02eed4bb84,True,manchester_properties_for_sale_mini.csv,80,"Belgrave Street, Rochdale, OL12",Ol12,,53.623626,-2.174573,gcw3n9,Land,Land for sale,0,"FOR SALE BY LIVE STREAM AUCTION ON TUESDAY 8TH DECEMBER 2020 *GUIDE PRICE £10,000 - £15,000. A Freehold Parcel of Amenity Land Comprising Approximately 420sq yds/351sq m. Situated in the popular residential area of Roundthorn the sale is of a parcel of Amenity Land, more particularly ...",10000,10000.0,buy,COMMERCIAL_BUY,True,1,0,1,False,True,False,False,False,False,False,False,"Marketed by Auction House, Manchester",Auction House,Manchester,,,unknown,<50k,1.6931471805599454,E05000755
61547415,03a0021568cb7d49c4f7203b16d056bfe961d673,True,manchester_properties_for_sale_mini.csv,31,"Boundary Street, Leigh, Greater Manchester, WN7",Wn7,,53.49296,-2.50022,gcw0r4,Studio,Studio flat for sale,0,Situated in a well established area with good access to the town centre and commuter routes is this well maintained first floor studio apartment offering ideal first time accommodation or a Buy to Letopportunity with communal gardens and parking space.,45000,45000.0,buy,BUY,False,5,0,0,False,False,True,False,False,False,False,False,"by Cooke & Company, Leigh",Cooke & Company,Leigh,,,unknown,<50k,1.791759469228055,E05000853
52242471,06b1e27a25634e3f549c279e377825cb5a63fdf8,True,manchester_properties_for_sale_mini.csv,55,"Nelson Square, Bolton",Bolton,,53.578053,-2.427118,gcw2bc,Apartment,1 bedroom apartment for sale,1,"FOR SALE BY MODERN METHOD OF AUCTION, BIDDING OPEN AT INVESTMENT OPPORTUNITY*** LUXURY STUDENT ACCOMMODATION *** SITTING TENANT *** HIGH YIELD *** NO CHAIN The Pack Horse is situated in the heart of Bol...",35000,35000.0,buy,BUY,True,8,1,0,True,False,False,False,False,False,True,True,"by Regency Estates, Horwich",Regency Estates,Horwich,,,unknown,<50k,3.1972245773362196,E05000656
91085840,07d0e9dd26d32f30e667f6c37e287e7296f50cd1,True,manchester_properties_for_sale_mini.csv,6,"Madison Gardens, Westhoughton, Bolton, Greater Manchester, BL5",Bl5,,53.556951,-2.51393,gcw0wv,Apartment,2 bedroom apartment for sale,2,"***SHARED OWNERSHIP PROPERTY WITH STAIRCASING AVAILABLE FOR 75% AND 100% OWNERSHIP*** MILLER METCALFE are delighted to offer FOR SALE this EXCEPTIONAL ground floor TWO BEDROOM apartment. IMMACULATELY PRESENTED THROUGHOUT. The property briefly comprises: entrance hallway, leading to OPEN PLAN...",50000,50000.0,buy,BUY,False,9,1,0,True,False,False,False,False,False,False,False,"by Miller Metcalfe, Horwich",Miller Metcalfe,Horwich,,,unknown,50–100k,3.302585092994046,E05000668
74183472,0b9f1d44e7ce9404829568c0bf22f7c279c4951f,True,manchester_properties_for_sale_mini.csv,39,"Ground Rents & Site Land at Mottram Moor, Mottram Hyde, SK14",Sk14,,53.45805,-2.01111,gcw845,Land,Land for sale,0,"Freehold Ground Rent Investment Producing £2,640 pa and Surplus Site Site Approximately 0.3 Acre may Suit Future Development (STP)",40000,40000.0,buy,COMMERCIAL_BUY,True,6,0,0,False,False,False,False,False,False,False,True,"Marketed by Auction House, North West",Auction House,North West,,,unknown,<50k,1.9459101490553132,E05000814
86447890,0c68cb3d4df996598333a9e765f14dd439f932ba,True,manchester_properties_for_sale_mini.csv,20,"66 PENDLE COURT, LEIGH, LANCASHIRE",Lancashire,,53.49143,-2.50096,gcw0r1,Flat,2 bedroom flat for sale,2,"*Guide Price: £48,000 +. Public Auction : Thursday, 10 December 2020 at , Virtual Livestream Online Auction GET READY TO BID BY VISITING THE AUCTIONEERS WEBSITE GUIDE PRICES & RESERVE PRICES Guide Price An indication of the seller’s current minimum acceptable price at auc...",48000,48000.0,buy,BUY,True,8,0,0,False,False,False,False,False,False,False,False,"by Sutton Kersh Auction, Liverpool - Auction",Sutton Kersh Auction,Liverpool - Auction,,,unknown,<50k,2.1972245773362196,E05000853
83193406,133fb268408deebc8ac027d05490dcdcbf17ce01,True,manchester_properties_for_sale_mini.csv,30,"Water Street, Radcliffe, Manchester",Manchester,,53.562899,-2.334682,gcw2dy,Apartment,2 bedroom apartment for sale,2,"The property must be sold to a person nominated to the Council under its Affordable Housing Policy . Online Affordable housing application form - A two bedroom, first floor apartment positioned within easy access of all local amenities ...",45000,45000.0,buy,BUY,False,11,0,0,False,False,False,False,False,False,False,False,"by Pearson Ferrier, Radcliffe",Pearson Ferrier,Radcliffe,,,unknown,<50k,2.4849066497880004,E05000680
96550748,1439871f63b52cc0d861bf814955ecf6571343ec,True,manchester_properties_for_sale_mini.csv,16,"Sharples Hall, Sharples Hall Drive, Bolton, Greater Manchester, BL1",Bl1,,53.610531,-2.426858,gcw2bz,Apartment,1 bedroom apartment for sale,1,"***DESIRABLE LOCATION, OVER 55'S, APARTMENT IN NEED OF MODERNISATION** This one bedroom apartment is being welcomed to the market in the highly regarded development of Sharples Hall Park. The property is in need of modernisation but has lots of potential, suitable for over 55's only. The apa...",50000,50000.0,buy,BUY,False,13,1,0,True,False,False,False,False,False,False,False,"by Miller Metcalfe, Bolton",Miller Metcalfe,Bolton,,,unknown,50–100k,3.6390573296152584,E05000650
86454553,22ee69aa1ad268eddadd1550b59ee3b8626818e1,True,manchester_properties_for_sale_mini.csv,92,"Land At Dorset Street, Hindley, Wigan, Lancashire, WN2",Wn2,,53.537625,-2.569101,gcw0td,Land,Land for sale,0,FOR SALE BY AUCTION on 9 DECEMBER 2020 at Online Auction commencing at 09:00 prompt.,99,99.0,buy,COMMERCIAL_BUY,True,2,0,0,False,False,False,False,False,False,False,False,"Marketed by PUGH & COMPANY LIMITED, Newton-Le-Willows",PUGH & COMPANY LIMITED,Newton-Le-Willows,,,unknown,<50k,1.0986122886681098,E05000849
79930873,23ca5c2b6e1215cefb3632d1ab01877d46da2874,True,manchester_properties_for_sale_mini.csv,9,"159 Sandy Lane, Rochdale, Lancashire",Lancashire,,53.6199,-2.181314,gcw3n3,Flat,1 bedroom flat for sale,1,"A well presented one bedroom upstairs floor Apartment situated across from Rochdale Football Ground. The property comprises of a hallway, an open plan lounge and fitted kitchen, a double bedroom and a three piece bathroom suite with a shower over the bath. The apartment benefits from electric hea...",50000,50000.0,buy,BUY,False,6,0,0,False,False,False,False,False,False,False,False,"by Express Estate Agency, Nationwide",Express Estate Agency,Nationwide,,,unknown,50–100k,1.9459101490553132,E05000755
100178015,23df3a3b48fe2648105a4487499ebc35f3025290,True,manchester_properties_for_sale_mini.csv,0,"Completed Buy to Let City Flat, Chapel Street, Manchester, M3 5JZ",Manchester,M35JZ,53.48338,-2.26277,gcw2k8,Flat,1 bedroom flat for sale,1,Modern one-bedroom student apartment with high rental yields and below-market value prices. CHA666,50000,50000.0,buy,BUY,False,10,2,0,True,False,False,False,False,False,True,False,"by RW Invest, Liverpool",RW Invest,Liverpool,,,unknown,50–100k,3.3978952727983707,E05000766
100015811,2645c8ca83f3184820d8dcb6e5a9048e1e0f835f,True,manchester_properties_for_sale_mini.csv,26,"11 Viking Street, Bolton, Lancashire, BL3",Bl3,,53.565133,-2.415782,gcw29p,Terraced,2 bedroom terraced house for sale,2,"GUIDE PRICE £45,000 FOR SALE BY AUCTION on 9 DECEMBER 2020 at Online Auction commencing at 09:00 prompt.",45000,45000.0,buy,BUY,True,8,0,1,False,True,False,False,False,False,False,False,"by PUGH & COMPANY LIMITED, Newton-Le-Willows",PUGH & COMPANY LIMITED,Newton-Le-Willows,,,unknown,<50k,3.1972245773362196,E05000656
86959525,26e0d7bb2242b1d3d747d1286d579f894caa84bf,True,manchester_properties_for_sale_mini.csv,15,"Ryeburne Street, Oldham, Greater Manchester, OL4",Ol4,,53.545828,-2.086467,gcw88e,Terraced,2 bedroom terraced house for sale,2,"FOR SALE BY LIVE STREAM AUCTION ON TUESDAY 8TH DECEMBER 2020 *GUIDE PRICE £50,000 - £60,000. A Tenanted Two Bedroomed Mid Terraced House Producing £5,200pa/£433pcm. Situated in the ever popular Greenacres area this Two Bedroomed Mid Terraced House benefits from a long term...",50000,50000.0,buy,BUY,True,1,0,1,False,True,False,False,False,False,False,True,"by Auction House, Manchester",Auction House,Manchester,,,unknown,50–100k,1.6931471805599454,E05000737
73868268,273c6dac093aa0c4cd15636d99199fa9748caeaf,True,manchester_properties_for_sale_mini.csv,5,"Carders Close, Leigh, WN7 4JX",Leigh,WN74JX,53.49214,-2.52433,gcw0q9,Semi-Detached,2 bedroom semi-detached house for sale,2,"HUNTER LEIGH are delighted to present this 50% SHARED OWNERSHIP TWO BEDROOM semi detached home. This WELL presented home briefly comprises of; LOUNGE, Kitchen DINER Two Bedrooms and a Bathroom. Externally this property has a DRIVEWAY to the front with immaculately presented gardens to front and rea",50000,50000.0,buy,BUY,False,10,1,0,True,False,True,False,False,False,False,False,"by Hunters, Leigh",Hunters,Leigh,,,unknown,50–100k,3.3978952727983707,E05000853
86054047,2750da68c9a64a786c6ccf9a36a4021972f2e474,True,manchester_properties_for_sale_mini.csv,32,"Huddersfield Road, Millbrook, Stalybridge",Stalybridge,,53.493128,-2.032528,gcw83d,Flat,1 bedroom flat for sale,1,"** STAY SAFE, VIRTUAL VIEWING AVAILABLE ** Flat comprising lounge, kitchen, bedroom and bathroom. Communal cobbled yard. Electric heating and double glazing. To be sold subject to a tenancy - periodic AST from 27/7/10 at £330 per month. Popular residential area between Carrbrook and Stalybridge....",42000,42000.0,buy,BUY,True,1,0,1,False,True,False,False,True,False,False,False,"by Edward Mellor Ltd, Auction",Edward Mellor Ltd,Auction,,,unknown,<50k,1.6931471805599454,E05000818
84925372,288ef65af4a3550e68546be96ae3b9a3e0a77cac,True,manchester_properties_for_sale_mini.csv,18,"53 Baguley Crescent, Middleton M24 4QT",Middleton M24 4Qt,M244QT,53.541332,-2.237747,gcw2t4,Flat,1 bedroom flat for sale,1,"Excellent Investment Opportunity A one bedroomed ground floor apartment within close proximity of the M60 motorway and with excellent public transport links. The apartment benefits from double glazed windows and comprises an entrance hallway, spacious lounge, kitchen, double bedroom & bathroom.G...",49950,49950.0,buy,BUY,False,1,0,0,False,False,False,False,False,False,False,True,"by Barton Kendal Residential, Middleton",Barton Kendal Residential,Middleton,,,unknown,<50k,0.6931471805599453,E05000674
86460541,2c6c38e4932e1e068dc5d2d2b3564ddd74a72463,True,manchester_properties_for_sale_mini.csv,78,"Land At Brodick Drive, Bolton, Lancashire, BL2",Bl2,,53.5746,-2.38543,gcw2c8,Land,Land for sale,0,"GUIDE PRICE £10,000-£15,000 FOR SALE BY AUCTION on 9 DECEMBER 2020 at Online Auction commencing at 09:00 prompt.",10000,10000.0,buy,COMMERCIAL_BUY,True,5,0,0,False,False,False,False,False,False,False,False,"Marketed by PUGH & COMPANY LIMITED, Newton-Le-Willows",PUGH & COMPANY LIMITED,Newton-Le-Willows,,,unknown,<50k,1.791759469228055,E05000652
82079650,32522a32d5d7c55d1b3c382d5c161f74b0307241,True,manchester_properties_for_sale_mini.csv,56,"The picture House, Bradshawgate, Bolton - Shared Ownership",Bolton - Shared Ownership,,53.577,-2.425642,gcw2bc,Apartment,2 bedroom apartment for sale,2,"A purpose built apartment situated in the heart of Bolton town centre with all the great facilities on the doorstep. This two bedroom third floor flat is deceptively spacious and is offered for sale on a 50% ownership basis with the possibility of purchasing 100% currently at £70,000.The ...",35000,35000.0,buy,BUY,False,9,1,1,True,True,False,False,False,False,False,False,"by Cardwells Sales, Lettings, Management & Commercial, Bolton","Cardwells Sales, Lettings, Management & Commercial",Bolton,,,unknown,<50k,4.302585092994046,E05000656
86548378,3daa6a9901753fc18a256ef53cf5354485ee261d,True,manchester_properties_for_sale_mini.csv,28,"City View, Highclere Avenue, Salford, Greater Manchester, M7",M7,,53.504548,-2.246651,gcw2ku,Apartment,1 bedroom apartment for sale,1,"FOR SALE BY LIVE STREAM AUCTION ON TUESDAY 8TH DECEMBER 2020 AT 2PM *GUIDE PRICE £45,000 - £55,000. A Sixth Floor, One Bedroomed Apartment Producing £5,760pa (£480pcm) Investment opportunity!!! Occupying the 6th Floor and whilst not inspected we have been advised that the ...",45000,45000.0,buy,BUY,True,1,0,1,False,True,False,False,False,False,False,True,"by Auction House, Manchester",Auction House,Manchester,,,unknown,<50k,1.6931471805599454,E05000761
54675777,3f2fdc96690b031e9b34696a28946dd980428dad,True,manchester_properties_for_sale_mini.csv,59,"The Pack Horse, Nelson Square, Bolton BL1 1DP",Bolton Bl1 1Dp,BL11DP,53.57827,-2.42813,gcw2b9,Studio,Studio flat for sale,0,Excellent investment opportunity earning 7% NET YIELD – a spacious en-suite bedroom in a converted period hotel in the heart of Bolton,31500,31500.0,buy,BUY,False,4,0,1,False,True,False,False,False,False,False,True,"by yieldit, Manchester",yieldit,Manchester,,,unknown,<50k,2.6094379124341005,E05000656
91068098,40ccf9cd84e6d2825031e91c87638a39d5085199,True,manchester_properties_for_sale_mini.csv,35,"Bradshawgate, Bolton, Lancashire, BL1",Bl1,,53.577364,-2.425601,gcw2bc,Apartment,1 bedroom apartment for sale,1,"*** CALLING ALL INVESTORS !!! EXCITING OPPORTUNITY TO PURCHASE OCCUPIED LUXURY STUDENT ACCOMMODATION THAT IS ALREADY DELIVERING IMPRESSIVE YIELDS *** Designed with an emphasis on style and quality, The Cube's innovative design sets a new level for luxury student living and provide its residents w...",40000,40000.0,buy,BUY,False,7,1,0,True,False,False,False,False,False,True,False,"by Miller Metcalfe, Bolton",Miller Metcalfe,Bolton,,,unknown,<50k,3.0794415416798357,E05000656
99989156,43615b38993b630c2d807da0c33c8f7b091969af,True,manchester_properties_for_sale_mini.csv,58,"Newton Street, Stalybridge, Greater Manchester, SK15",Sk15,,53.48545,-2.0622,gcw830,Flat,1 bedroom flat for sale,1,TO BE OFFERED BY ONLINE AUCTION ON THE 16TH DECEMBER 2020 - ON BEHALF OF RECEIVERS: Vacant one bedroom first floor flat requiring refurbishment.,32500,32500.0,buy,BUY,True,5,0,0,False,False,False,False,False,False,False,False,"by Landwood Group, Manchester",Landwood Group,Manchester,,,unknown,<50k,1.791759469228055,E05000817
91084208,4aa91c4e084a7aa85041f8bd3866c87804ec98bd,True,manchester_properties_for_sale_mini.csv,64,"The Cube, Bradshawgate, Bolton, Lancashire, BL1",Bl1,,53.577364,-2.425601,gcw2bc,Apartment,1 bedroom apartment for sale,1,"*** CALLING ALL INVESTORS !!! EXCITING OPPORTUNITY TO PURCHASE OCCUPIED LUXURY STUDENT ACCOMMODATION THAT IS ALREADY DELIVERING IMPRESSIVE YIELDS *** Designed with an emphasis on style and quality, The Cube's innovative design sets a new level for luxury student living and provide its residents w...",30000,30000.0,buy,BUY,False,18,1,0,True,False,False,False,False,False,True,False,"by Miller Metcalfe, Bolton",Miller Metcalfe,Bolton,,,unknown,<50k,3.9444389791664403,E05000656
75612876,4d1297d0708fb1e02b60a5053ed31fccd812a46d,True,manchester_properties_for_sale_mini.csv,38,"2b Barnsley Street, Wigan, WN6",Wn6,,53.55314,-2.64176,gcw0ev,End of Terrace,1 bedroom end of terrace house for sale,1,An ideal buy-to-let / investment property situated,40000,40000.0,buy,BUY,True,6,0,0,False,False,False,True,False,False,False,True,"by Auction House, North West",Auction House,North West,,,unknown,<50k,1.9459101490553132,E05000862
87015820,51a23f5bd3f6513969e4bd69d6de644b6fb86859,True,manchester_properties_for_sale_mini.csv,67,"Baguley Crescent, Middleton, Manchester, M24",M24,,53.540319,-2.237142,gcw2t4,Apartment,1 bedroom apartment for sale,1,"FOR SALE BY LIVE STREAM AUCTION ON TUESDAY 8TH DECEMBER 2020 *GUIDE PRICE £25,000 - £35,000. A One Bedroomed Top Floor Flat. Situated in a highly convenient location close to the M60/M62/M66, local amenities and just approximately 5 miles north of Manchester city centre. This property...",25000,25000.0,buy,BUY,True,8,0,1,False,True,False,False,False,False,False,False,"by Auction House, Manchester",Auction House,Manchester,,,unknown,<50k,3.1972245773362196,E05000674
86728366,53acc5541767ea0487531a8d4b038dbf9078edf7,True,manchester_properties_for_sale_mini.csv,89,"Land At Holme Park Close, Ince, Lancashire, WN3",Wn3,,53.532431,-2.612496,gcw0s9,Land,Land for sale,0,FOR SALE BY AUCTION on 9 DECEMBER 2020 at Online Auction commencing at 09:00 prompt.,99,99.0,buy,COMMERCIAL_BUY,True,4,0,0,False,False,False,False,False,False,False,False,"Marketed by PUGH & COMPANY LIMITED, Newton-Le-Willows",PUGH & COMPANY LIMITED,Newton-Le-Willows,,,unknown,<50k,1.6094379124341003,E05000851
69408623,53b1941f9624f13464a43bf39c19d1c001cb86ba,True,manchester_properties_for_sale_mini.csv,50,"Bradshawgate, Bolton",Bolton,,53.57729,-2.425835,gcw2bc,Apartment,1 bedroom apartment for sale,1,"This well-equipped accommodation, is one of 6 single units in this complex of numerous units, situate in the town centre close to the university, shops and social life. Briefly, the property comprises: furnished bedroom with en suite facilities and facilities for studying etc, shared kitchen and ...",37950,37950.0,buy,BUY,False,9,0,0,False,False,False,False,False,False,False,False,"by Chris Ball , Bolton",Chris Ball,Bolton,,,unknown,<50k,2.302585092994046,E05000656
85165630,554841b2848c3b7b570843d0582079f9ab449d7e,True,manchester_properties_for_sale_mini.csv,27,"Land Adjacent To 1 Lancaster Avenue, Manchester, Lancashire, M45",M45,,53.544714,-2.286493,gcw2eg,Land,Land for sale,0,"GUIDE PRICE £45,000 FOR SALE BY AUCTION on 21 OCTOBER 2020 at Online Auction commencing at 10:00 prompt.",45000,45000.0,buy,COMMERCIAL_BUY,True,1,0,0,False,False,False,False,False,False,False,False,"Marketed by PUGH & COMPANY LIMITED, Newton-Le-Willows",PUGH & COMPANY LIMITED,Newton-Le-Willows,,,unknown,<50k,0.6931471805599453,E05000670
91075760,557f4734e050028fc938123320f17ae0427f835b,True,manchester_properties_for_sale_mini.csv,77,"Highgrove Close, Astley Bridge, Bolton, Greater Manchester, BL1",Bl1,,53.599405,-2.428735,gcw2bt,Land,Land for sale,0,"*** For sale by Modern Method of Auction; Starting Bid Price £10,000 plus Reservation Fee *** We are delighted to offer for sale this plot of land situated upon Highgrove Close in the highly popular are...",10000,10000.0,buy,COMMERCIAL_BUY,True,1,0,0,False,False,False,False,False,False,False,False,"Marketed by Miller Metcalfe, Bolton",Miller Metcalfe,Bolton,,,unknown,<50k,0.6931471805599453,E05000654
86670304,55eb0b9125f37f274f66270bb23a3ebd40b50495,True,manchester_properties_for_sale_mini.csv,52,"Dicken Green Lane, Rochdale, OL11",Ol11,,53.603383,-2.156595,gcw2yy,Apartment,1 bedroom apartment for sale,1,"FOR SALE BY LIVE STREAM AUCTION ON TUESDAY 8TH DECEMBER 2020 *GUIDE PRICE £35,000 - £45,000. A First Floor Studio Apartment. Situated close to Sandbrook Park, with all it’s Leisure facilities, and with easy access to the motorway makes this property ideal for the Investor or Own...",35000,35000.0,buy,BUY,True,5,1,1,True,True,False,False,False,False,False,False,"by Auction House, Manchester",Auction House,Manchester,,,unknown,<50k,3.791759469228055,E05000739
86895487,57a47b8ba091e51fa0623a8f7765d07e0054eba1,True,manchester_properties_for_sale_mini.csv,86,"Demesne Road, Manchester, Greater Manchester, M16 8PH",Greater Manchester,M168PH,53.44844,-2.24698,gcw2hc,House of Multiple Occupation,1 bedroom house of multiple occupation for sale,1,"For Sale By Online Auction. Starting Bids £4,000. Terms and Conditions Apply. Situated in Whalley Range at Demesne Road close to the park this is a development of over 200 student/none student units offering good facilities. We are delighted to be offering this well presented room for ...",4000,4000.0,buy,BUY,True,12,0,1,False,True,False,False,False,False,True,False,"by Pattinson Estate Agents, Auction",Pattinson Estate Agents,Auction,,,unknown,<50k,3.5649493574615367,E05000716
85983748,59316c933349a97595098b9076ef4eae743bbd76,True,manchester_properties_for_sale_mini.csv,53,"Land Adjoining 21 Durham Street, Wigan, Lancashire, WN1",Wn1,,53.550968,-2.61367,gcw0ss,Land,Land for sale,0,"GUIDE PRICE £35,000 FOR SALE BY AUCTION on 21 OCTOBER 2020 at Online Auction commencing at 10:00 prompt.",35000,35000.0,buy,COMMERCIAL_BUY,True,5,0,0,False,False,False,False,False,False,False,False,"Marketed by PUGH & COMPANY LIMITED, Newton-Le-Willows",PUGH & COMPANY LIMITED,Newton-Le-Willows,,,unknown,<50k,1.791759469228055,E05000842
86454556,6099f80108304b2dfa9e59dbc0584c86d81333ab,True,manchester_properties_for_sale_mini.csv,91,"Land Off Bradshaw Street And Salcombe Close, Wigan, Lancashire, WN1",Wn1,,53.553487,-2.616785,gcw0sm,Land,Land for sale,0,FOR SALE BY AUCTION on 9 DECEMBER 2020 at Online Auction commencing at 09:00 prompt.,99,99.0,buy,COMMERCIAL_BUY,True,2,0,0,False,False,False,False,False,False,False,False,"Marketed by PUGH & COMPANY LIMITED, Newton-Le-Willows",PUGH & COMPANY LIMITED,Newton-Le-Willows,,,unknown,<50k,1.0986122886681098,E05000861
86460529,6fb46e6c30fee715fe13e813e1d9a22ac61c9a92,True,manchester_properties_for_sale_mini.csv,72,"Land At Crompton Street/Folds Road, Bolton, Lancashire, BL1",Bl1,,53.582285,-2.422717,gcw2bf,Land,Land for sale,0,"GUIDE PRICE £20,000-£30,000 FOR SALE BY AUCTION on 9 DECEMBER 2020 at Online Auction commencing at 09:00 prompt.",20000,20000.0,buy,COMMERCIAL_BUY,True,4,0,0,False,False,False,False,False,False,False,False,"Marketed by PUGH & COMPANY LIMITED, Newton-Le-Willows",PUGH & COMPANY LIMITED,Newton-Le-Willows,,,unknown,<50k,1.6094379124341003,E05000654
86084965,70868e8c10fac6f477aa510dac27dd6b49b59823,True,manchester_properties_for_sale_mini.csv,85,"Whitehouse Avenue, Oldham, OL4",Ol4,,53.537129,-2.090727,gcw886,Land,Land for sale,0,"FOR SALE BY LIVE STREAM AUCTION ON TUESDAY 8TH DECEMBER 2020 *GUIDE PRICE £5,000 - £10,000. A Freehold Parcel of Amenity Land Comprising Approximately 0.29 Acres/0.12 Hectares. Situated in the popular residential area of Roundthorn the sale is of a parcel of Amenity Land, more particu...",5000,5000.0,buy,COMMERCIAL_BUY,True,2,0,1,False,True,False,False,False,False,False,False,"Marketed by Auction House, Manchester",Auction House,Manchester,,,unknown,<50k,2.09861228866811,E05000735
86460532,7442d547d6abbc5e0d0a36a9535c1c553c544214,True,manchester_properties_for_sale_mini.csv,71,"Land At Lydford Gardens & Somerton Road, Bolton, Lancashire, BL2",Bl2,,53.572789,-2.38123,gcw2cb,Land,Land for sale,0,"GUIDE PRICE £20,000-£25,000 FOR SALE BY AUCTION on 9 DECEMBER 2020 at Online Auction commencing at 09:00 prompt.",20000,20000.0,buy,COMMERCIAL_BUY,True,6,0,0,False,False,False,False,False,False,False,False,"Marketed by PUGH & COMPANY LIMITED, Newton-Le-Willows",PUGH & COMPANY LIMITED,Newton-Le-Willows,,,unknown,<50k,1.9459101490553132,E05000652
86441701,784f69888b1abd3bf8b7aaf98adbe2216018016c,True,manchester_properties_for_sale_mini.csv,1,"121 High Street, Little Lever, Bolton, Lancashire, BL3",Bl3,,53.561379,-2.368069,gcw2dn,Flat,1 bedroom flat for sale,1,"GUIDE PRICE £50,000 FOR SALE BY AUCTION on 9 DECEMBER 2020 at Online Auction commencing at 09:00 prompt.",50000,50000.0,buy,BUY,True,5,0,1,False,True,False,False,False,False,False,False,"by PUGH & COMPANY LIMITED, Newton-Le-Willows",PUGH & COMPANY LIMITED,Newton-Le-Willows,,,unknown,50–100k,2.791759469228055,E05000664
99972656,79d2a9a8266ed44ac766d52c1fcc085a4d95a2a9,True,manchester_properties_for_sale_mini.csv,65,"Rawsthorne Street, Bolton, BL1",Bl1,,53.593486,-2.434234,gcw2bs,Terraced,2 bedroom terraced house for sale,2,"***IDEAL INVESTMENT OPPORTUNITY***IN NEED OF REFURBISHMENT***CASH BUYERS ONLY***CLOSE TO LOCAL AMENITIES*** Calling all cash buyers!!! An ideal opportunity to purchase this two bedroom terrace in need of refurbishment, ideally located close to local shops, amenities and transportation links....",30000,30000.0,buy,BUY,True,9,1,0,True,False,False,True,False,False,False,True,"by Miller Metcalfe, Bolton",Miller Metcalfe,Bolton,,,unknown,<50k,3.302585092994046,E05000654
70526943,7a03111b157d9e5bb5c034142a2b9852ea40f5fe,True,manchester_properties_for_sale_mini.csv,25,"Ground Floor Appartment, Nr Dalaman",Nr Dalaman,,53.555807,-2.447468,gcw28m,Apartment,2 bedroom apartment for sale,2,"INVESTMENT / HOLIDAY HOME Stunning 2 bedroom apartment 15 min from Dalaman Airport, close to beaches shops, bars and restaurants. This small exclusive complex offers a great investment opportunity or your own piece of Turkish sunshine. Fully furnished and legal fees included.",45000,45000.0,buy,BUY,False,10,0,0,False,False,False,False,False,False,False,True,"by Mistoria Residential Ltd , Bolton",Mistoria Residential Ltd,Bolton,,,unknown,<50k,2.3978952727983707,E05000662
99207833,7b06a60cbfdb346c7a8626bf6db6046a600a946b,True,manchester_properties_for_sale_mini.csv,19,"Union Street, Oldham, Greater Manchester, OL1",Ol1,,53.54169,-2.1062,gcw884,Flat,2 bedroom flat for sale,2,"NO CHAIN - Centrally located in the heart of Oldham town centre, this two bedroom apartment is within walking distance of the Oldham mumps tram/Bus station giving excellent public transport links to Rochdale and Manchester.",48000,48000.0,buy,BUY,True,7,1,1,True,True,False,False,False,False,False,False,"by National Residential, Chester",National Residential,Chester,,,unknown,<50k,4.079441541679836,E05000735
65297016,7d897968221bdea03e21bf643d2b3f7eea3721d3,True,manchester_properties_for_sale_mini.csv,21,"Anderby Place, Westhoughton, BL5 3BT",Westhoughton,BL53BT,53.5573,-2.52476,gcw0wt,Apartment,2 bedroom apartment for sale,2,Adore Properties are pleased to offer For Sale this IMMACULATELY PRESENTED two bedroom ground floor apartment with 50% ownership. The property is situated a short walk away from Westhoughton town centre and excellent transport links including train station and motorway. The property benefits from...,47500,47500.0,buy,BUY,False,10,0,0,False,False,False,False,False,False,False,False,"by Adore Properties, Bolton",Adore Properties,Bolton,,,unknown,<50k,2.3978952727983707,E05000668
98047400,7d90873ba834ccd75607bf0125318a2ee2de9a74,True,manchester_properties_for_sale_mini.csv,75,"Bridgewater Wharf, 257 Ordsall Lane, Manchester, M5 3NB",Manchester,M53NB,53.47204,-2.27189,gcw2hq,Parking,Parking for sale,2,"Secure car parking space in Manchester city centre available for £17,500. Earn up to 6% projected rental return in this prime city centre parking investment. BRB509",17500,17500.0,buy,BUY,False,10,2,0,True,False,True,False,False,False,False,True,"by RW Invest, London",RW Invest,London,,,unknown,<50k,3.3978952727983707,E05000770
86460511,811a8046ec778ac1fe53fef1ce7f111a0d360d88,True,manchester_properties_for_sale_mini.csv,54,"Land At Tarbet Drive, Bolton, Lancashire, BL2",Bl2,,53.577774,-2.382483,gcw2cc,Land,Land for sale,0,"GUIDE PRICE £35,000-£40,000 FOR SALE BY AUCTION on 9 DECEMBER 2020 at Online Auction commencing at 09:00 prompt.",35000,35000.0,buy,COMMERCIAL_BUY,True,5,0,0,False,False,False,False,False,False,False,False,"Marketed by PUGH & COMPANY LIMITED, Newton-Le-Willows",PUGH & COMPANY LIMITED,Newton-Le-Willows,,,unknown,<50k,1.791759469228055,E05000652
86837779,8231c781b5154505a7f5930bae563e08d0c2afa0,True,manchester_properties_for_sale_mini.csv,10,"Lowry Court, Mottram In Longendale, Hyde",Hyde,,53.458823,-2.013727,gcw845,Flat,1 bedroom flat for sale,1,"One bedroom ground floor apartment situated in the age restricted Lowry Court development in Mottram. 5 Lowry Court, Mottram in Longendale TO BE SOLD BY ONLINE AUCTION 24TH NOVEMBER 2020 Before bidding, it is essential that you read our Online Auction Buying Guide. This is on our website www....",50000,50000.0,buy,BUY,True,7,1,1,True,True,False,False,False,False,False,False,"by Edward Mellor Ltd, Auction",Edward Mellor Ltd,Auction,,,unknown,50–100k,4.079441541679836,E05000814
86460487,868ba1a8d66b7bd022ae81997182a99892c0948f,True,manchester_properties_for_sale_mini.csv,7,"Land At Currier Lane, Ashton-Under-Lyne, Greater Manchester, OL6",Ol6,,53.4864,-2.079848,gcw828,Land,Land for sale,0,"GUIDE PRICE £50,000-£60,000 FOR SALE BY AUCTION on 9 DECEMBER 2020 at Online Auction commencing at 09:00 prompt.",50000,50000.0,buy,COMMERCIAL_BUY,True,3,0,0,False,False,False,False,False,False,False,False,"Marketed by PUGH & COMPANY LIMITED, Newton-Le-Willows",PUGH & COMPANY LIMITED,Newton-Le-Willows,,,unknown,50–100k,1.3862943611198906,E05000801
67977543,8836788a16e551d8823d682d5f7e1f1e064f68f4,True,manchester_properties_for_sale_mini.csv,62,"Reading Close, Openshaw, Manchester",Manchester,,53.47751,-2.175172,gcw2nx,Semi-Detached,3 bedroom semi-detached house for sale,3,"PUBLIC NOTICE - 13 Reading Close, Manchester, M11 1PF - We have received an offer of £ 30,000.00. Any interested parties must submit any higher offers in writing to the selling agent before an exchange of contracts takes place. ** This three bedroom semi detached home is in need of complete pro...",30000,30000.0,buy,BUY,False,9,2,1,True,True,False,False,False,False,False,False,"by Edward Mellor Ltd, Droylsden",Edward Mellor Ltd,Droylsden,,,unknown,<50k,4.302585092994046,E05000690
95823875,8b916de0094134c8a4e5997afebc08d0efa0a0b5,True,manchester_properties_for_sale_mini.csv,17,"Completed Buy to Let City Flat, Chapel Street, Manchester, M3 5JZ",Manchester,M35JZ,53.48338,-2.26277,gcw2k8,Apartment,1 bedroom apartment for sale,1,"Stylish student investment property with 6% yields. Invest in a desirable Manchester location from just £49,995. CHA13",49995,49995.0,buy,BUY,False,9,2,0,True,False,False,False,False,False,True,True,"by RW Invest, London",RW Invest,London,,,unknown,<50k,3.302585092994046,E05000766
98813387,8ef86da437f428e8061366f008d28b73b67ffc7f,True,manchester_properties_for_sale_mini.csv,88,"Bank House, Withington",Withington,,53.434261,-2.226898,gcqrvr,Flat,2 bedroom flat for sale,2,"Bank House is a development of 13 contemporary apartments, situated in the beating heart of Withington village in South Manchester. Prices start from £205,000 enquire for full price list. Designed with environmentally friendly and energy saving features, these high quality and thoughtful one and...",1000,POA,buy,BUY,False,4,0,0,False,False,False,False,False,False,False,False,"by Belvoir, Manchester Central",Belvoir,Manchester Central,,,unknown,<50k,1.6094379124341003,E05000717
85608112,956a8182fdbf830755a2067b8afa97659ba58c99,True,manchester_properties_for_sale_mini.csv,74,"Land to rear of 309-319 Halliwell Road, Bolton, Lancashire, BL1",Bl1,,53.593017,-2.440078,gcw2bk,Land,Land for sale,0,"GUIDE PRICE £20,000-£40,000 FOR SALE BY AUCTION on 21 OCTOBER 2020 at Online Auction commencing at 10:00 prompt.",20000,20000.0,buy,COMMERCIAL_BUY,True,1,0,0,False,False,False,False,False,False,False,False,"Marketed by PUGH & COMPANY LIMITED, Newton-Le-Willows",PUGH & COMPANY LIMITED,Newton-Le-Willows,,,unknown,<50k,0.6931471805599453,E05000654
86968960,95cca2ebc172686d9b7db088a7d0f544f51e6429,True,manchester_properties_for_sale_mini.csv,90,"Land At Rowena Street, Bolton, Lancashire, BL3",Bl3,,53.558645,-2.404744,gcw29q,Land,Land for sale,0,FOR SALE BY AUCTION on 9 DECEMBER 2020 at Online Auction commencing at 09:00 prompt.,99,99.0,buy,COMMERCIAL_BUY,True,2,0,0,False,False,False,False,False,False,False,False,"Marketed by PUGH & COMPANY LIMITED, Newton-Le-Willows",PUGH & COMPANY LIMITED,Newton-Le-Willows,,,unknown,<50k,1.0986122886681098,E05000655
82563871,97f517bbcfd8b30e69e371d50fb0c621caa10e8a,True,manchester_properties_for_sale_mini.csv,3,"Louise Street, Smallbridge, OL12 9RT",Smallbridge,OL129RT,53.632546,-2.137368,gcw3p7,Terraced,1 bedroom terraced house for sale,1,MODERN METHOD OF AUCTION - RECENTLY UPDATED - IDEAL FOR FTB OR INVESTORS - LARGE LOUNGE & BEDROOM - CUL DE SAC LOCATION,50000,50000.0,buy,BUY,True,9,1,2,True,True,False,False,False,False,False,False,"by Martin & Co, Rochdale",Martin & Co,Rochdale,,,unknown,50–100k,4.302585092994046,E05000753
86696530,98dee34e34b56ae0d65242ad5a50c2312a071118,True,manchester_properties_for_sale_mini.csv,51,"Beaufort Street, Wigan, WN5",Wn5,,53.53667,-2.66203,gcw0e6,End of Terrace,3 bedroom end of terrace house for sale,3,For Sale By Public Auction on 3rd December 2020. Please note that the Auction will be an online auction via our website with Remote Bidding. You must pre-register to bid no later than 8am on Thursday 3rd December. For further information including viewing times and legal packs please visit...,35000,35000.0,buy,BUY,True,2,0,0,False,False,False,True,False,False,False,False,"by Taylor James Auctions LTD, Birmingham",Taylor James Auctions LTD,Birmingham,,,unknown,<50k,1.0986122886681098,E05000847
75352665,9aacadd1e8f833e0a3b361357acea5a08e495cd4,True,manchester_properties_for_sale_mini.csv,83,"115a Montgomery House, Demesne Road, Manchester, M16 8PH",Manchester,M168PH,53.448456,-2.246984,gcw2hc,Flat,1 bedroom flat for sale,1,"For Sale By Public Auction 09 December 2020 A Leasehold Residential Investment Property Current Gross Income: £3,120 pa",7000,7000.0,buy,BUY,True,1,0,0,False,False,False,False,False,False,False,True,"by Bond Wolfe Auctions, Birmingham",Bond Wolfe Auctions,Birmingham,,,unknown,<50k,0.6931471805599453,E05000716
100118378,9e1c7b4eb8f96fd5282ebd2b2385afe0eb9eaaab,True,manchester_properties_for_sale_mini.csv,68,"Melton Road, Manchester, Greater Manchester, M8",M8,,53.51901,-2.24942,gcw2ky,Flat,1 bedroom flat for sale,1,Over 55's development. 45% Shared Ownership. Popular development in great location adjacent to Middleton Road and close to local amenities. 1st floor flat. 1 bedroom. Lounge. Kitchen. Bath/wc combined. Gas central heating. uPVC double glazing. Communal gardens. Outside store room. Vacant Possession.,24750,24750.0,buy,BUY,False,5,0,1,False,True,False,False,False,False,False,False,"by Aubrey Lee & Co, Blackley",Aubrey Lee & Co,Blackley,,,unknown,<50k,2.791759469228055,E05000698
91084181,a28c1e3a7f13e95577956e07e91b73820687586c,True,manchester_properties_for_sale_mini.csv,45,"Nelson Square, Bolton, Lancashire, BL1",Bl1,,53.578047,-2.427117,gcw2bc,Apartment,1 bedroom apartment for sale,1,"*** CALLING ALL INVESTORS !!! EXCITING OPPORTUNITY TO PURCHASE OCCUPIED LUXURY STUDENT ACCOMMODATION THAT IS ALREADY DELIVERING IMPRESSIVE YIELDS *** Designed with an emphasis on style and quality, The Pack Horse Boutique Hotel has an innovative design, setting a new level for luxury student livi...",40000,40000.0,buy,BUY,False,5,0,0,False,False,False,False,False,False,True,False,"by Miller Metcalfe, Bolton",Miller Metcalfe,Bolton,,,unknown,<50k,1.791759469228055,E05000656
86509000,a5958f7f2229194cf2c0b94a8a2ce5aa69d8ddaf,True,manchester_properties_for_sale_mini.csv,36,"61 Baguley Crescent, Manchester, Lancashire, M24",M24,,53.541351,-2.237745,gcw2t4,Flat,1 bedroom flat for sale,1,"GUIDE PRICE £40,000 FOR SALE BY AUCTION on 9 DECEMBER 2020 at Online Auction commencing at 09:00 prompt.",40000,40000.0,buy,BUY,True,6,0,0,False,False,False,False,False,False,False,False,"by PUGH & COMPANY LIMITED, Newton-Le-Willows",PUGH & COMPANY LIMITED,Newton-Le-Willows,,,unknown,<50k,1.9459101490553132,E05000674
77534122,a6f8ba639f2ef2523d8430628e8f52f112d2837b,True,manchester_properties_for_sale_mini.csv,69,"Chapel Street, Salford",Salford,,53.484081,-2.254162,gcw2k8,Parking,Parking for sale,0,"Online Estate agents are able to offer for sale 1 secure parking space in the prestigious address of ""Fresh"" Chapel St Manchester. Situated just across the road from the 5 Star Lowry Hotel.",22500,22500.0,buy,BUY,False,2,0,0,False,False,True,False,False,False,False,False,"by Sellmyhome.co.uk, London",Sellmyhome.co.uk,London,,,unknown,<50k,1.0986122886681098,E05000770
86517646,abf5a61bf0ba9a8ff982af67741e39107358f1f6,True,manchester_properties_for_sale_mini.csv,37,"27 Bower Avenue, Smallbridge, Rochdale, Lancashire, OL12",Ol12,,53.638646,-2.128096,gcw3ps,House,1 bedroom house for sale,1,"GUIDE PRICE £40,000 FOR SALE BY AUCTION on 9 DECEMBER 2020 at Online Auction commencing at 09:00 prompt.",40000,40000.0,buy,BUY,True,4,0,0,False,False,False,False,False,False,False,False,"by PUGH & COMPANY LIMITED, Newton-Le-Willows",PUGH & COMPANY LIMITED,Newton-Le-Willows,,,unknown,<50k,1.6094379124341003,E05000753
86523043,ae12e0f986ad07d11b59a942e8076bd6ed3c13ad,True,manchester_properties_for_sale_mini.csv,33,"639A ORMSKIRK ROAD, WIGAN, LANCASHIRE",Lancashire,,53.53568,-2.67771,gcw0e1,Detached,2 bedroom detached house for sale,2,"*Guide Price: £40,000 +. Public Auction : Thursday, 10 December 2020 at , Virtual Livestream Online Auction GET READY TO BID BY VISITING THE AUCTIONEERS WEBSITE GUIDE PRICES & RESERVE PRICES Guide Price An indication of the seller’s current minimum acceptable price at auc...",40000,40000.0,buy,BUY,True,1,0,0,False,False,False,False,False,False,False,False,"by Sutton Kersh Auction, Liverpool - Auction",Sutton Kersh Auction,Liverpool - Auction,,,unknown,<50k,0.6931471805599453,E05000857
74643964,ae86db7db322b3973af10e110c179daba75dc546,True,manchester_properties_for_sale_mini.csv,4,"Cowburn Street, Hindley, Wigan",Wigan,,53.54029,-2.563275,gcw0td,Flat,2 bedroom flat for sale,2,Attention investors! A superb purpose built apartment situated on the fringe of Hindley within a desirable residential area. The apartment has previously been rented out and has achieved £425 PCM. The accommodation is on the ground and lower ground floor level and briefly comprises; comm...,50000,50000.0,buy,BUY,False,9,1,0,True,False,False,False,False,False,False,False,"by Morgan H Lewis Estate Agents, Wigan",Morgan H Lewis Estate Agents,Wigan,,,unknown,50–100k,3.302585092994046,E05000849
75410469,aec62e8cbfbc4692e7b9e5868df5e539a7152cfd,True,manchester_properties_for_sale_mini.csv,79,"Land on the north side of Huddersfield road, Oldham",Oldham,,53.55218,-2.061785,gcw89h,Land,Land for sale,0,"For sale by auction starting on Monday 14th December 2020, bidding will be on the Auction Agent website. A plot of land suitable for a variety of uses subject to any consents. The land is located off Huddersfield Road and accessed via Back O' Th' Low Road in Oldham. We have not formerly measured ...",10000,10000.0,buy,COMMERCIAL_BUY,True,3,0,0,False,False,False,False,False,False,False,False,"Marketed by Auction Agent, Rossendale",Auction Agent,Rossendale,,,unknown,<50k,1.3862943611198906,E05000731
86508979,b3e550eaad23749a9eb140242b1b50742b792e55,True,manchester_properties_for_sale_mini.csv,34,"57 Baguley Crescent, Manchester, Lancashire, M24",M24,,53.541351,-2.237745,gcw2t4,Flat,1 bedroom flat for sale,1,"GUIDE PRICE £40,000 FOR SALE BY AUCTION on 9 DECEMBER 2020 at Online Auction commencing at 09:00 prompt.",40000,40000.0,buy,BUY,True,11,0,0,False,False,False,False,False,False,False,False,"by PUGH & COMPANY LIMITED, Newton-Le-Willows",PUGH & COMPANY LIMITED,Newton-Le-Willows,,,unknown,<50k,2.4849066497880004,E05000674
96390476,b51b51b24145e2963a20c7861a749412b6308949,True,manchester_properties_for_sale_mini.csv,14,"Flat 46 Sharples, Sharples Hall Drive, Bolton, BL1",Bl1,,53.6101,-2.42768,gcw2bz,Apartment,1 bedroom apartment for sale,1,A first floor one bedroom apartment. Located in the highly regarded development of Sharples Hall only available for applicants who are over 55 years of age. The property is ideally placed for all local amenities and bus routes. The apartment is in need of modernisation throughout. Briefly compris...,50000,50000.0,buy,BUY,False,11,0,1,False,True,False,False,False,False,False,False,"by William Thomas Estate Agency, Bolton - Sales",William Thomas Estate Agency,Bolton - Sales,,,unknown,50–100k,3.4849066497880004,E05000650
54675747,b77f5c1e2d988c3ceb26bf20468d75674c6f04e1,True,manchester_properties_for_sale_mini.csv,63,"Apartment 120 The Pack Horse, Nelson Square, Bolton BL1 1DP",Bolton Bl1 1Dp,BL11DP,53.57827,-2.42813,gcw2b9,Studio,Studio flat for sale,0,LET FOR 2020/21 ACADEMIC YEAR - Attention Investors! Diversify your portfolio with Purpose Built Student Accommodation in the heart of Bolton. Low entry price and strong returns,30000,30000.0,buy,BUY,False,6,0,1,False,True,False,False,False,False,True,False,"by yieldit, Manchester",yieldit,Manchester,,,unknown,<50k,2.9459101490553135,E05000656
74183112,b7f3525caf5268df08d6f614af60fc10f66546f8,True,manchester_properties_for_sale_mini.csv,11,"Duke Street, Leigh, Greater Manchester, WN7 2DP",Greater Manchester,WN72DP,53.49394,-2.50654,gcw0qf,Flat,1 bedroom flat for sale,1,"For Sale By Online Auction. Starting bid £50,000. Terms and conditions apply. We welcome to the market this one bedroom apartment on the top floor. The property is for sale with a tenant in situ exclusively with Simply Residential. The property has an open plan living room and modern k...",50000,50000.0,buy,BUY,True,6,1,0,True,False,False,False,False,False,False,False,"by Pattinson Estate Agents, Auction",Pattinson Estate Agents,Auction,,,unknown,50–100k,2.9459101490553135,E05000853
97801844,b8d0cd4434ee76f68c0168ef0809b0322c237980,True,manchester_properties_for_sale_mini.csv,23,"6 Nelson Square, Bolton",Bolton,,53.577857,-2.427103,gcw2bc,Apartment,Studio apartment for sale,0,"Situated on Nelson Square in the centre of Bolton is this modern block of studio apartments which are handily located close to all of Bolton's amenities. Internally the property offers a bedroom, lounge/living area and shower room. Superb investment opportunity.",45000,45000.0,buy,BUY,False,8,0,0,False,False,False,False,False,False,False,True,"by Jordan & Halstead, Chester - Sales",Jordan & Halstead,Chester - Sales,,,unknown,<50k,2.1972245773362196,E05000656
86596702,ba27b339add3c3eb42cc90edf58a17d36775a54f,True,manchester_properties_for_sale_mini.csv,8,"39 NEW STREET, PLATT BRIDGE, WIGAN, LANCASHIRE",Lancashire,,53.51785,-2.5996,gcw0ky,Semi-Detached,3 bedroom semi-detached house for sale,3,"*Guide Price: £50,000 +. Public Auction : Thursday, 10 December 2020 at , Virtual Livestream Online Auction GET READY TO BID BY VISITING THE AUCTIONEERS WEBSITE GUIDE PRICES & RESERVE PRICES Guide Price An indication of the seller’s current minimum acceptable price at auc...",50000,50000.0,buy,BUY,True,1,0,0,False,False,False,False,False,False,False,False,"by Sutton Kersh Auction, Liverpool - Auction",Sutton Kersh Auction,Liverpool - Auction,,,unknown,50–100k,0.6931471805599453,E05000840
80825464,c2a6ca7d5f0ebad852b11d434428303ba63646aa,True,manchester_properties_for_sale_mini.csv,24,"Pilkington Drive, Whitefield, Manchester, Greater Manchester, M45",M45,,53.55618,-2.273319,gcw2sm,Apartment,1 bedroom apartment for sale,1,"This property is for sale by the Modern Method of Auction which is not to be confused with traditional auction. The Modern Method of Auction is a flexible buyer friendly method of purchase. We do not require the purchaser to exchange contracts immediately, however from the date the Draft Contract...",45000,45000.0,buy,BUY,True,8,1,0,True,False,False,False,False,False,False,False,"by Miller Metcalfe, Bury",Miller Metcalfe,Bury,,,unknown,<50k,3.1972245773362196,E05000670
86548384,c7f6b1050acf9272942763c7596b0e0e625c5aa0,True,manchester_properties_for_sale_mini.csv,29,"Highclere Avenue, Salford, M7",M7,,53.504548,-2.246651,gcw2ku,Apartment,1 bedroom apartment for sale,1,"FOR SALE BY LIVE STREAM AUCTION ON TUESDAY 8TH DECEMBER 2020 AT 2PM *GUIDE PRICE £45,000 - £55,000. A Sixth Floor, One Bedroomed Apartment Producing £5,760pa (£480pcm) Investment opportunity!!! Occupying the 6th Floor and whilst not inspected we have been advised that the ...",45000,45000.0,buy,BUY,True,1,0,1,False,True,False,False,False,False,False,True,"by Auction House, Manchester",Auction House,Manchester,,,unknown,<50k,1.6931471805599454,E05000761
75352698,c953ef2429046cb24fe7f163a86eddf8abe96679,True,manchester_properties_for_sale_mini.csv,84,"206a Montgomery House, Demesne Road, Manchester, M16 8PH",Manchester,M168PH,53.448456,-2.246984,gcw2hc,Flat,1 bedroom flat for sale,1,"For Sale By Public Auction 09 December 2020 A Leasehold Residential Investment Property Current Gross Income: £3,120 pa",7000,7000.0,buy,BUY,True,1,0,0,False,False,False,False,False,False,False,True,"by Bond Wolfe Auctions, Birmingham",Bond Wolfe Auctions,Birmingham,,,unknown,<50k,0.6931471805599453,E05000716
100009670,cc4093269370d9645a94e777bfe6fd97ba26ffc0,True,manchester_properties_for_sale_mini.csv,22,"Viking Street, Burnden Park, Bolton TWO BED TERRACE, IDEAL INVESTMENT, CLOSE TO TOWN CENTRE",Close To Town Centre,,53.565117,-2.415784,gcw29p,Terraced,2 bedroom terraced house for sale,2,"BIDDING STARTS online on the 8th December and concludes on the 9th December. Please visit for more information Offered for sale by auction is this two bedroom mid terrace property placed on the periphery of the town centre of Bolton, within particularly easy re...",45000,45000.0,buy,BUY,True,10,1,1,True,True,False,True,False,False,False,False,"by Cardwells Sales, Lettings, Management & Commercial, Bolton","Cardwells Sales, Lettings, Management & Commercial",Bolton,,,unknown,<50k,4.397895272798371,E05000656
86105770,d6bf18a79b1ce9feab4be37736348be203151ac2,True,manchester_properties_for_sale_mini.csv,2,"Spindletree Avenue, Manchester, M9",M9,,53.528936,-2.194279,gcw2w0,Apartment,2 bedroom apartment for sale,2,"FOR SALE BY LIVE STREAM AUCTION ON TUESDAY 8TH DECEMBER 2020 AT 2PM *GUIDE PRICE £50,000 - £60,000. A Tenanted Two Bedroomed Fifth Floor Apartment Producing £7,200pa/£600pcm. This smartly presented apartment is currently occupied under an Assured Shorthold Tenancy at a ren...",50000,50000.0,buy,BUY,True,6,1,1,True,True,False,False,False,False,False,True,"by Auction House, Manchester",Auction House,Manchester,,,unknown,50–100k,3.9459101490553135,E05000693
45696435,dbf879a76e6e51e4e7bce34d591d7e9b8aae1e1d,True,manchester_properties_for_sale_mini.csv,76,"Parking at Lincoln Gate, Green Quarter, 39 Red Bank",39 Red Bank,,53.49143,-2.23885,gcw2m1,Parking,Parking for sale,0,"PARKING SPACE FOR SALE. Superb investment or perfect for owners within the 1,000 apartments that make up the Green Quarter. Achievable rent £75-£80 pcm Lincoln Gate is positioned neighbouring the Green Quarter and is easily accessible from the many residential a...",14950,14950.0,buy,BUY,False,5,0,0,False,False,True,False,False,False,False,True,"by Cherry Picked Properties, Heald Green",Cherry Picked Properties,Heald Green,,,unknown,<50k,1.791759469228055,E05000694
59386260,dc396d45f607cd7d1559ace56d0e3daedb8a6651,True,manchester_properties_for_sale_mini.csv,60,"Tower Grove, Leigh, WN7 2TZ",Leigh,WN72TZ,53.50183,-2.4854,gcw0r7,Apartment,1 bedroom apartment for sale,1,HUNTERS in Leigh are proud to market for sale a one bedroom ground floor flat on a 50% shared ownership scheme for over 55's.,30000,30000.0,buy,BUY,False,13,0,0,False,False,False,False,False,False,False,False,"by Hunters, Leigh",Hunters,Leigh,,,unknown,<50k,2.6390573296152584,E05000852
63023028,e154c2d8af0b7aa204372e9d9e9bfb683cb8faec,True,manchester_properties_for_sale_mini.csv,61,"Tower Grove, Leigh, Greater Manchester, WN7",Wn7,,53.50183,-2.4854,gcw0r7,Flat,1 bedroom flat for sale,1,"We are delighted to offer for sale this one bedroom ground floor apartment available for the over 55's. 50% shared ownership is also available for £30,000 subject to eligibility. Bridgfords welcome NEW to the market this ground floor apartment easy to maintain. On entrance through the...",30000,30000.0,buy,BUY,False,7,1,1,True,True,False,False,False,False,False,False,"by Bridgfords, Newton-le-Willows",Bridgfords,Newton-le-Willows,,,unknown,<50k,4.079441541679836,E05000852
91084193,e48afba05fed099ed06b736f77306d4843b51c2c,True,manchester_properties_for_sale_mini.csv,57,"The Cube 101, Bolton, Lancashire, BL1",Bl1,,53.577364,-2.425601,gcw2bc,Apartment,1 bedroom apartment for sale,1,"*** CALLING ALL INVESTORS !!! EXCITING OPPORTUNITY TO PURCHASE OCCUPIED LUXURY STUDENT ACCOMMODATION THAT IS ALREADY DELIVERING IMPRESSIVE YIELDS *** Designed with an emphasis on style and quality, The Cube's innovative design sets a new level for luxury student living and provide its residents w...",35000,35000.0,buy,BUY,False,1,0,0,False,False,False,False,False,False,True,False,"by Miller Metcalfe, Bolton",Miller Metcalfe,Bolton,,,unknown,<50k,0.6931471805599453,E05000656
86966101,e6715ee13a2efcb4ac34fda33672d1050470803f,True,manchester_properties_for_sale_mini.csv,66,"Laxey Crescent, Leigh, WN7",Wn7,,53.5077,-2.54096,gcw0qh,Semi-Detached,3 bedroom semi-detached house for sale,3,For Sale By Public Auction on 3rd December 2020. Please note that the Auction will be an online auction via our website with Remote Bidding. You must pre-register to bid no later than 8am on Thursday 3rd December. For further information including viewing times and legal packs please visit...,25000,25000.0,buy,BUY,True,2,0,0,False,False,False,False,False,False,False,False,"by Taylor James Auctions LTD, Birmingham",Taylor James Auctions LTD,Birmingham,,,unknown,<50k,1.0986122886681098,E05000854
84490501,e752ba0d619d6c9f2b9f3158909942836fb1347c,True,manchester_properties_for_sale_mini.csv,13,"Shaw Lodge, Lodge Street, Rochdale, Greater Manchester, OL12",Ol12,,53.647922,-2.132383,gcw3pq,Apartment,1 bedroom apartment for sale,1,"FOR SALE BY LIVE STREAM AUCTION ON TUESDAY 8TH DECEMBER 2020 AT 2PM *GUIDE PRICE £50,000 - £60,000. A First Floor One Bedroomed Furnished Apartment Producing a Gross Income of £5,940pa/£495pcm. Conveniently positioned within walking distance of Wardle village amenities, lo...",50000,50000.0,buy,BUY,True,6,0,1,False,True,False,False,False,False,False,False,"by Auction House, Manchester",Auction House,Manchester,,,unknown,50–100k,2.9459101490553135,E05000756
99715109,ebf823951922c37b54083b95b4db544d3e9bd297,True,manchester_properties_for_sale_mini.csv,49,"Melton Road, Manchester, Greater Manchester, M8",M8,,53.51901,-2.24942,gcw2ky,Flat,2 bedroom flat for sale,2,Over 55's development. 45% Shared Ownership. Popular development in great location adjacent to Middleton Road and close to local amenities. First floor flat with chair lift. 2 bedrooms. Lounge. Kitchen. Bath/wc combined. Gas central heating. uPVC double glazing. Communal gardens. Outside store room.,39950,39950.0,buy,BUY,False,8,0,1,False,True,False,False,False,False,False,False,"by Aubrey Lee & Co, Blackley",Aubrey Lee & Co,Blackley,,,unknown,<50k,3.1972245773362196,E05000698
87024346,f33bafffa18de3c2590078b6cf7126e909627029,True,manchester_properties_for_sale_mini.csv,73,"Land on the north side of Huddersfield road, Oldham",Oldham,,53.55218,-2.061785,gcw89h,Land,Land for sale,0,"For sale by auction starting on Monday 14th December 2020, bidding will be on the Auction Agent website. A plot of land suitable for a variety of uses subject to any consents. The land is located off Huddersfield Road and accessed via Back O' Th' Low Road in Oldham. We have not formerly measured ...",20000,20000.0,buy,COMMERCIAL_BUY,True,3,0,0,False,False,False,False,False,False,False,False,"Marketed by Auction Agent, Rossendale",Auction Agent,Rossendale,,,unknown,<50k,1.3862943611198906,E05000731
77534137,f4a3805e6f0405b9cb630c359c6900b99c5c1c69,True,manchester_properties_for_sale_mini.csv,44,"Chapel Street, Salford",Salford,,53.484081,-2.254162,gcw2k8,Parking,Parking for sale,0,"Online Estate Agents are able to offer two secure parking spaces in the prestigious ""Fresh"" . Situated in the heart of the city. Fresh is just across the road from the 5 Star Lowry Hotel",40000,40000.0,buy,BUY,False,2,0,0,False,False,True,False,False,False,False,False,"by Sellmyhome.co.uk, London",Sellmyhome.co.uk,London,,,unknown,<50k,1.0986122886681098,E05000770
86061205,fd82460531566387b0f5a23253f36f814f7171a5,True,manchester_properties_for_sale_mini.csv,81,"Demesne Road, MANCHESTER",Manchester,,53.44845,-2.246984,gcw2hc,Ground Flat,1 bedroom ground floor flat for sale,1,"GUIDE PRICE £8,000 - For more information and legal documents visit our website",8000,8000.0,buy,BUY,True,1,0,0,False,False,False,False,False,False,False,False,"by Barnard Marcus, Hammersmith Auctions",Barnard Marcus,Hammersmith Auctions,,,unknown,<50k,0.6931471805599453,E05000716
73973631,feb2b6497659a4566bac662d75b6f5179c654dd9,True,manchester_properties_for_sale_mini.csv,70,"Merchants Wharf, Ordsall Lane, Manchester, M5 4TT",Manchester,M54TT,53.47267,-2.26948,gcw2hq,Parking,Parking for sale,0,"Invest in a secure car parking space for just £20,000 in a prime central Manchester area! Earn up to 6.5% rental return with opportunities to invest in buy to let apartments within the development.",20000,20000.0,buy,BUY,False,10,2,0,True,False,True,False,False,False,False,False,"by RW Invest, London",RW Invest,London,,,unknown,<50k,3.3978952727983707,E05000770
